ID,Kategori Produk,Model/Silhouette,Tipe Inbound Client,Ringkasan Alur Chat WA (End-to-End),Output Parsed Specs & Challenge
SCN-01,Card Holder,Flat Single Panel (Bukan Bifold),Kirim foto reference + Teks singkat,"Client: 'Mas mau bikin dompet kartu pipih kayak foto ini, muat 4 kartu + selipan uang tunai di tengah. Warna hitam kaku.' -> AI: 'Siap kak! Mau pakai bahan Epsom Black (tahan gores) atau Veg-Tan Black (patina)? Merek/inisial mau di-emboss?' -> Client: 'Epsom aja mas, pakenin inisial R.W di pojok kanan bawah.' -> AI: Generates Flat Mockup & Spec Card.",Form Factor: FLAT_CARD_HOLDER | Slot: 4 Front/Back + 1 Central Pocket | Material: Epsom Black | Emboss: Custom Initial 'R.W'
SCN-02,Tas Laptop,Messenger Flap Bag 14 inch,Vague Text + Foto Sketsa Tangan,"Client: 'Bikin tas laptop 14 inch, kaku tegap, ada flap magnet sama saku zipper di dalem.' [Kirim sketsa] -> AI: 'Siap! Untuk warna ready Veg-Tan Brown 1.6mm. Tali selempangnya mau kulit full atau kombinasi webbing?' -> Client: 'Full kulit mas, biar elegan.' -> AI: Generates 3D Render + BOM 5.8 SqFt.",Form Factor: MESSENGER_BAG | Laptop Size: 14 inch | Material: Veg-Tan Brown 1.6mm | Labor Hours: 12h
SCN-03,Dompet Cowok,Bifold Wallet Classic,Detailed Request + Budget Mention,"Client: 'Mas, mau dompet lipat cowok bahan kulit nabati natural. Muat 6 kartu + 2 slot uang. Ada tempat foto transparan ga?' -> AI: 'Bisa kak! Slot foto pakaikan mika bening. Mau dipotong rata (clean cut) atau pinggirannya di-cat (edge paint)?' -> Client: 'Burnished edge polos aja mas biar vintage.' -> AI: Match Veg-Tan Natural 1.2mm.",Form Factor: BIFOLD_WALLET | Slot: 6 Card + 1 ID Window + 2 Cash Compartments | Finish: Burnished Edge
SCN-04,Tas Padel / Sport,Padel Racket Cover Bag,Niche Product Request,"Client: 'Bisa bikin tas raket padel dari kulit sintetis/asli ga? Bikin kaku biar raket ga lecet.' [Kirim foto raket] -> AI: 'Bisa kak! Kita rekomendasikan Kulit Pull-Up tebal 2.0mm + lining foam empuk di dalam. Mau ada strap gendong?' -> Client: 'Iya strap selempang lepas pasang ya.' -> AI: Special Sourcing for Thick Pull-Up.",Form Factor: PADEL_RACKET_BAG | Special Hardware: Heavy Duty Carabiner Clips | Padding: 5mm EVA Foam
SCN-05,Dompet Cewek,Zip-Around Long Wallet,Complex Multi-Slot Request,"Client: 'Mau dompet panjang cewek pake sleting melingkar. Dalamnya mau 12 slot kartu + tempat koin pake zipper.' -> AI: 'Siap kak, untuk sleting luar mau pakai YKK Excella Gold atau Silver? Warna kulit luar ada Epsom Red & Navy.' -> Client: 'Epsom Navy + Sleting Gold ya mas.' -> AI: Generates Zip Wallet Specs.",Form Factor: ZIP_AROUND_LONG_WALLET | Zipper: YKK Excella Gold #5 | Slots: 12 Cards + 1 Coin Zip Pocket
SCN-06,Handbag / Tote,Slouchy Shoulder Tote,Material Sourcing Case,"Client: 'Mas ada bahan kulit warna Hijau Zaitun (Olive Green) ga? Mau bikin tote bag lemas untuk kuliah.' -> AI: 'Stok Olive Green di workshop kosong kak. Kita bisa Sourcing Khusus (+5 hari kerja) atau pakai ready stock Espresso Brown.' -> Client: 'Gapapa nambah waktu sourcing mas, mau Olive Green.' -> AI: Adds Sourcing Fee +70k & Lead Time +5 Days.",Form Factor: SLOUCHY_TOTE | Material Status: SPECIAL_SOURCING_NEEDED | Material: Chrome-Tan Olive Green 1.4mm
SCN-07,Tas Selempang,Mini Crossbody Camera Bag,Confused Client / Fast Re-edit,"Client: 'Bikin tas selempang kecil buat kamera mirrorless.' -> AI: [Generates Spec] -> Client: 'Eh mas ternyata ukurannya kurang tinggi 3cm, sama tambah saku depan dong.' -> AI: Re-calculates Pattern Component Breakdown & updates BOM dynamically.",Form Factor: CROSSBODY_CAMERA_BAG | Adjustment: Height +3cm, Added Front Gusset Pocket
SCN-08,Dompet Pattern,Laser Engraved Pattern Wallet,Custom Artwork Request,"Client: 'Mas bisa ukir motif batik mega mendung di cover luar dompet kartu ga?' -> AI: 'Bisa kak! Kita pakai teknik Laser Engraving pada kulit Veg-Tan Natural.' -> Client: 'Sip, kirim gambaran jadinya dong.' -> AI: Generates Render Patterned Wallet.",Form Factor: PATTERNED_CARD_HOLDER | Technique: Laser Engraving | Pattern: Batik Mega Mendung
SCN-09,Tas Laptop Premium,Executive Briefcase,High-End Custom Order,"Client: 'Mau bikin tas kerja kantor tegap, muat laptop 16 inch + dokumen A4. Hardware mau kuningan asli (Solid Brass).' -> AI: 'Rekomendasi bahan Epsom Leather 1.8mm + Reinforcement Salpa + Solid Brass Buckles. Estimasi jam kerja 20 jam.' -> AI: Generates High Quote.",Form Factor: EXECUTIVE_BRIEFCASE | Hardware: Solid Brass | Reinforcement: Salpa 1.2mm | Labor: 20h
SCN-10,Human Escalation,Custom Hybrid Bag,Human Takeover Trigger,"Client: 'Mas ini modelnya rumit sih campuran backpack sama totebag, pusing jelasin ke AI. Mau ngomong sama mas Fendy langsung dong.' -> AI: Detects Keyword 'ngomong sama mas fendy' -> Auto Switch to FULL_MANUAL Mode -> Notifies Crafter Dashboard.",Form Factor: HYBRID_BACKPACK_TOTE | Automation State: FULL_MANUAL | Escalation Trigger: CLIENT_REQUESTED_HUMAN